source,model,family,n_days,rmse_same_prediction,rmse_original_table,mae_same_prediction,centered_rmse,realized_mean,predicted_mean,oracle_mean,capture_aggregate,capture_daily_mean,listwise_proxy,amplitude_ratio,window_spearman
holdout_rmse_v1,lgb_contextual,lgb,59,0.5209800243244649,0.52098,0.35087445639872944,0.43008894289062644,5497.75539089771,8387.833402325894,9000.886095779735,0.6108015735779008,0.6143922922702675,62.276401504249684,0.8483848298398247,0.7270043680893293
holdout_rmse_v1,transformer_contextual,transformer,59,0.5195576699847868,0.514318,0.36059499842161835,0.4353925385672844,5637.171401873098,6627.052077423718,9000.886095779735,0.6262907164791487,0.571034557301776,55.10280411737966,0.7127486894545253,0.704230801195564
holdout_rmse_v1,catboost_contextual,catboost,59,0.521146531158913,0.521147,0.3467926392710478,0.4130187806292361,5864.898620404673,8029.654081373738,9000.886095779735,0.6515912497942353,0.652099431042816,58.120301283377664,0.7699924702684999,0.7454739909652746
holdout_rmse_v1,xgboost_contextual,xgboost,59,0.527721370545497,0.527721,0.3682058495732881,0.4206676100404374,5834.402085832272,8346.097696609539,9000.886095779735,0.6482030795354539,0.6565056107897618,62.519798533437196,0.7951778192637776,0.7227307554073779
holdout_rmse_v1,lgb_baseline,lgb,59,0.5625259685360955,0.562526,0.40508780495494523,0.43992715352535305,5786.1008710125425,8402.830520957974,9000.886095779735,0.6428368062257208,0.5850752851528909,70.53022310664151,0.7733419995396524,0.7138709147740703
holdout_rmse_v1,lstm_contextual,lstm,59,0.5528080180991081,0.573845,0.37572499432523626,0.45686646431422795,4554.389778014749,6349.921473885996,9000.886095779735,0.5059934910353077,0.48780150260096833,62.749156721957185,0.7784876504149464,0.5666675738267057
holdout_rmse_v1,dlinear_prevday,dlinear,59,0.6325180020094672,0.632518,0.4387458817663774,0.4617344484309047,5226.025408759701,7613.35144886526,9000.886095779735,0.5806123256253669,0.5578042775927838,72.88552996459688,0.6591148403483591,0.6553730677361129
holdout_rmse_v1,catboost_full,catboost,59,0.632752884726531,0.632753,0.4931036401648977,0.4652685916872803,5603.548559199593,8221.281717456215,9000.886095779735,0.622555212850315,0.6081126704924205,70.66914718001121,0.9340360946389796,0.6760155856670663
holdout_rmse_v1,xgboost_full,xgboost,59,0.649118808775802,0.649119,0.4956442048491985,0.48206103812761625,6017.215970293911,9701.660517157228,9000.886095779735,0.6685137336773116,0.6555624673341716,73.79586820716449,1.0431434772448072,0.6808023198882397
holdout_rmse_v1,dlinear_contextual,dlinear,59,0.6000206874172418,0.655333,0.41782434402454827,0.4843932427614835,5897.53712815716,9450.763275562707,9000.886095779735,0.655217393643316,0.6556031184322391,79.43852438495816,1.0261092958227296,0.6772415823548003
holdout_rmse_v1,lgb_full,lgb,59,0.6684313640509626,0.668431,0.5033800209159787,0.4942159089279258,6124.493486539138,10660.815270901956,9000.886095779735,0.6804322842626286,0.6980907678991605,73.37978359429655,1.1344264724243083,0.7389023132945867
holdout_rmse_v1,hgb_full,hgb,59,0.6959835407126083,0.695984,0.5496405825508776,0.4761758367831544,6077.358591321797,9553.396142016263,9000.886095779735,0.6751955892621839,0.6654310857552387,68.61029798312704,1.0392683910997191,0.7221011586443514
holdout_rmse_v1,lgb_temporal,lgb,59,0.7183926007000243,0.718393,0.5588244195076024,0.4995595086636709,5820.208628719994,10671.38451589956,9000.886095779735,0.6466261839985873,0.6342985359879699,77.72771215259324,1.138463653858337,0.7237827731639399
holdout_rmse_v1,ridge_contextual_a1,ridge,59,0.8039792788523673,0.803979,0.6240243134047723,0.4599069099495884,6184.394216224618,10503.217317290226,9000.886095779735,0.6870872656775767,0.7074885982864506,75.58801051420139,1.0237707284402509,0.771878524972321
holdout_rmse_v1,ridge_temporal_a1,ridge,59,0.8467006568061995,0.846701,0.655091988141621,0.5113827348830681,5990.035547105109,12228.959254289077,9000.886095779735,0.6654939839660531,0.6830012971317553,93.54142686624292,1.1755273200098206,0.7490453458019452
holdout_rmse_v1,climatology_weekday_slot,climatology,59,0.8948355972952869,0.894836,0.7449056212015989,0.4810210349665639,5644.280127937861,8282.610688169123,9000.886095779735,0.6270804971728625,0.6184358755985039,85.16749223066152,0.6363159310507536,0.6817346210252597
holdout_rmse_v2,lgb_contextual,lgb,59,0.5271571329853805,0.527157,0.35924253913703713,0.42829420933215556,6144.90666780751,7942.4746645242,9000.886095779735,0.6827001922275947,0.6767515492118389,56.90059704451218,0.813673477246939,0.7263388525264798
holdout_rmse_v2,transformer_contextual,transformer,59,0.6827877171860671,0.630545,0.5102804163316322,0.46068073215898325,6214.361781989832,10526.880876492645,9000.886095779735,0.690416667410509,0.7032171839943993,68.95312494216313,0.9758582717891052,0.7647449185694871
holdout_rmse_v2,xgboost_contextual,xgboost,59,0.5240495755334971,0.52405,0.36292501531152643,0.41747754415223426,5891.784848505604,8049.409158587046,9000.886095779735,0.6545783143804139,0.6480515030843108,58.67704497547109,0.7822604480589149,0.735629797791861
holdout_rmse_v2,lstm_contextual,lstm,59,0.5174897636336012,0.528645,0.3312322025488085,0.4310958241714628,5709.509962229146,6733.862539279764,9000.886095779735,0.634327543030033,0.6442929281803578,54.29267319378603,0.6725071092578598,0.7339543831738533
holdout_rmse_v2,catboost_contextual,catboost,59,0.5290323087811635,0.529032,0.3634602553527787,0.4230110373935516,6043.05035389721,7325.525897235905,9000.886095779735,0.671383938158114,0.6739378898443642,53.253345145011025,0.7778503318341623,0.7678320714122564
holdout_rmse_v2,lgb_baseline,lgb,59,0.5625259685360955,0.562526,0.40508780495494523,0.43992715352535305,5786.1008710125425,8402.830520957974,9000.886095779735,0.6428368062257208,0.5850752851528909,70.53022310664151,0.7733419995396524,0.7138709147740703
holdout_rmse_v2,lgb_full,lgb,59,0.5821978536455665,0.582198,0.4250627729984418,0.45872534473570475,6034.93755768376,8518.49007126097,9000.886095779735,0.6704826050974442,0.6928881218019104,58.0661932458416,0.9786490285244619,0.7474125541423616
holdout_rmse_v2,xgboost_full,xgboost,59,0.5860787168882754,0.586079,0.4270039406048544,0.46162583170631577,6086.531913376197,8716.843953253543,9000.886095779735,0.6762147469269723,0.670666302416642,62.867970714257936,0.977623783276651,0.7136948671774874
holdout_rmse_v2,catboost_full,catboost,59,0.586968936190851,0.586969,0.44253856642995715,0.4522677643789135,5591.388207986901,7683.00065597014,9000.886095779735,0.6212041957300789,0.6024906333315532,63.18623813644299,0.8866173209892736,0.7121762976022912
holdout_rmse_v2,catboost_temporal,catboost,59,0.5912632656242082,0.591263,0.42720409863442177,0.45786722528562257,5746.936257782615,7770.919802429019,9000.886095779735,0.6384856109308165,0.6324263373878615,64.6258347810571,0.8845597875837977,0.7182934569092043
holdout_rmse_v2,dlinear_contextual,dlinear,59,0.5990314453380259,0.599031,0.41459645710245846,0.47403529724597465,6186.444630889453,9651.188515758111,9000.886095779735,0.6873150671010163,0.711973371871519,78.16634043110247,0.9987525348869744,0.7272467964042764
holdout_rmse_v2,hgb_full,hgb,59,0.6423273458160477,0.642327,0.49179515641329985,0.46662295625846006,5972.135695609597,8988.632199236521,9000.886095779735,0.6635053073729891,0.6836314595114961,65.84599101767041,1.0070723556021985,0.7298495901046659
holdout_rmse_v2,lgb_temporal,lgb,59,0.6473323283567071,0.647332,0.48418506416789,0.4896389723342221,5825.850153842501,10086.185168124312,9000.886095779735,0.6472529584141811,0.6487389532108448,72.24383970429669,1.101439727506929,0.7326572932746219
holdout_rmse_v2,dlinear_prevday,dlinear,59,0.6659023418172851,0.665902,0.4717428675407955,0.47654174134430394,5370.817489869036,8734.265771205142,9000.886095779735,0.5966987508471264,0.5758395630847623,84.64678046142937,0.736356054857622,0.6568700263460384
holdout_rmse_v2,xgboost_temporal,xgboost,59,0.6853096035843975,0.68531,0.5194957610392923,0.5062783129919001,5806.384371345002,10522.640560755617,9000.886095779735,0.6450903066163068,0.623138606263696,74.56818999076408,1.138945960550146,0.7242025979888382
holdout_rmse_v2,ridge_contextual_a1,ridge,59,0.8079187762169173,0.807919,0.6270218592046607,0.46110122744956356,6202.841477641694,10518.409097598771,9000.886095779735,0.6891367596074828,0.7105343821259108,75.86732810536836,1.0262618331029938,0.769409309588212
holdout_rmse_v2,ridge_temporal_a1,ridge,59,0.8302744373266758,0.830274,0.6370593889386432,0.5006577522328467,6107.7959202111915,12446.226122015614,9000.886095779735,0.6785771817593567,0.6953776017965917,90.43973076242544,1.1538644288790416,0.7633168545044109
holdout_rmse_v2,climatology_weekday_slot,climatology,59,0.8948355972952869,0.894836,0.7449056212015989,0.4810210349665639,5644.280127937861,8282.610688169123,9000.886095779735,0.6270804971728625,0.6184358755985039,85.16749223066152,0.6363159310507536,0.6817346210252597
holdout_rmse_v2,blend_lgb_transformer,blend,59,0.617156514269047,0.584431,0.45510288895975104,0.44249439782818584,6041.854269689157,9770.293700075383,9000.886095779735,0.671251052995995,0.6860982026172561,63.26643192255197,0.9201145119988883,0.7692969028222749
holdout_seed_bag_v1,listwise_transformer_seed42,transformer,59,0.8620390592948906,0.8620390592948906,0.618543622651938,0.4261087711131467,6296.670514658444,3692.322779888824,9000.886095779735,0.6995611818275067,0.6929599604941424,25.86686986817454,0.4828836915635799,0.77235608341965
holdout_seed_bag_v1,listwise_transformer_seed43,transformer,59,0.6178346300666273,0.6178346300666273,0.3894448950199267,0.41435598402601426,6334.699112105518,4472.893078448409,9000.886095779735,0.7037861655727076,0.7238284403329467,29.448806028847002,0.5015829600100086,0.778668026528642
holdout_seed_bag_v1,listwise_transformer_seed44,transformer,59,1.0024564714806665,1.0024564714806663,0.7563376545535886,0.4120888661319205,6551.772866507539,4619.687816664829,9000.886095779735,0.7279030971827856,0.7400468646777312,27.696881657294856,0.5277006106720817,0.7852800546765059
holdout_seed_bag_v1,listwise_transformer_seed45,transformer,59,0.7220739892361976,0.7220739892361976,0.48286726692109694,0.4320481424933389,6257.761327039081,6173.822899743662,9000.886095779735,0.6952383643620568,0.7181710332649175,33.34337652247351,0.7444617283609146,0.7693738344714415
holdout_seed_bag_v1,listwise_transformer_seed46,transformer,59,0.8527399986501926,0.8527399986501926,0.5620487019878891,0.43192735977973096,6435.870894006926,5239.465661662615,9000.886095779735,0.7150263680177584,0.7244870813498502,32.16964677067316,0.7055796200273735,0.7684944362974819
holdout_seed_bag_v1,listwise_transformer_mean,transformer,59,0.766735469826549,0.7667354698265489,0.49141402033432413,0.41468687104686014,6693.875025301354,4778.057583396213,9000.886095779735,0.7436906715706496,0.7327562914971415,28.209676514337442,0.5804019201006013,0.7866017726190389
holdout_seed_bag_v1,spo_lstm_seed42,lstm,59,0.833675556506089,0.833675556506089,0.6390775983788254,0.4033269683719752,6546.560555626133,7207.9253283376665,9000.886095779735,0.727324008543518,0.7438534408376867,49.497570522916014,0.7132032521337688,0.7771982941823743
holdout_seed_bag_v1,spo_lstm_seed43,lstm,59,0.8114162568880398,0.8114162568880398,0.6031929879855445,0.4131367568478933,6456.256305760955,8069.900877016075,9000.886095779735,0.7172911907848843,0.7381527022163558,56.194839161702475,0.7814768603197945,0.7717666666884636
holdout_seed_bag_v1,spo_lstm_seed44,lstm,59,0.7851947037615598,0.7851947037615599,0.5699854802721129,0.40869439954578746,6239.067159590596,7145.192935052564,9000.886095779735,0.6931614391294121,0.7002526588916869,52.625487339550396,0.6876846303937187,0.7702122245767697
holdout_seed_bag_v1,spo_lstm_seed45,lstm,59,0.9578890975964344,0.9578890975964344,0.7609611171586355,0.4053716216544174,6430.004354936162,7038.184513732538,9000.886095779735,0.7143745945136459,0.729562404565821,50.25477281018612,0.6775659811613649,0.7702443286204743
holdout_seed_bag_v1,spo_lstm_seed46,lstm,59,0.8337747528083573,0.8337747528083573,0.6145827031935054,0.40465389945048175,6484.371941487148,7631.207146760771,9000.886095779735,0.7204148427705901,0.741330344710906,51.82858690958598,0.7190143972701541,0.777407085164457
holdout_seed_bag_v1,spo_lstm_mean,lstm,59,0.8408383866891215,0.8408383866891214,0.6351417116973689,0.4032964625755009,6476.013317670035,7342.994856054626,9000.886095779735,0.7194861982206905,0.7365501750698248,50.5334727515693,0.7090446304815552,0.7798368258447165
holdout_seed_bag_v1,window_ce_lstm_seed42,lstm,59,0.840092149921684,0.8400921499216839,0.6426026629324051,0.4184987890805342,6301.350028314183,6967.284311051086,9000.886095779735,0.7000810766029703,0.7179690815543283,51.982711028093675,0.6839348200799191,0.7488925966739558
holdout_seed_bag_v1,window_ce_lstm_seed43,lstm,59,0.7672250503113431,0.7672250503113431,0.5378189900058339,0.41165897688645636,6120.004099694219,6474.544204897799,9000.886095779735,0.6799335126086884,0.6947233656317047,47.00100862218716,0.6417603596252018,0.7642471327841518
holdout_seed_bag_v1,window_ce_lstm_seed44,lstm,59,0.7922727356394372,0.792272735639437,0.5796245365973949,0.41176202981008586,6213.57151014089,7099.968250904043,9000.886095779735,0.6903288680715847,0.7081357182081158,52.543653176665806,0.6554014611453736,0.753077181188969
holdout_seed_bag_v1,window_ce_lstm_seed45,lstm,59,0.9084584376100536,0.9084584376100536,0.6953476034170826,0.4090070413933931,5916.328569787925,6180.324962394217,9000.886095779735,0.6573051260544144,0.6611553190318143,46.54498971516713,0.5790460302639615,0.7443117084152774
holdout_seed_bag_v1,window_ce_lstm_seed46,lstm,59,0.8983810830304589,0.8983810830304592,0.7028565660071345,0.4190440921430001,5699.286682925662,7052.95825913801,9000.886095779735,0.6331917349335082,0.5598161364614521,58.586125018828284,0.6990574809078551,0.7555734432618123
holdout_seed_bag_v1,window_ce_lstm_mean,lstm,59,0.8347421295337275,0.8347421295337275,0.6262175487900257,0.40638869754475243,6114.310486511799,6589.870468830153,9000.886095779735,0.6793009512006412,0.691813408599073,48.031338562730454,0.6357441923490478,0.7642998383229599
holdout_seed_bag_v1,listwise_spo_50_50,mix,59,0.7887835423485625,0.7887835423485625,0.5352185860818065,0.4020084696326872,6537.1442098801945,6032.359189751668,9000.886095779735,0.7262778509046214,0.747716983531557,38.42273913997031,0.6319461499841879,0.7846397470596979
holdout_dispatch_loss_v1,transformer_dispatch,transformer,59,1.6212809129703454,1.621281,1.5104396666989597,0.4051568533875298,6213.62656387709,6739.601807321532,9000.886095779735,0.6903349845511862,0.7032004827166529,45.54552852660985,0.6878761402878765,0.7727785073057515
holdout_dispatch_loss_v1,lstm_dispatch,lstm,59,0.8590587991965877,0.859059,0.6664347759886182,0.41882307557177934,6301.331964649514,6987.640471687004,9000.886095779735,0.7000790697267053,0.717966834169491,52.07219657650363,0.6848811651083085,0.749238061613968
holdout_dispatch_loss_v1,dlinear_dispatch,dlinear,59,0.8846482652606064,0.884648,0.6917134243628072,0.516125772517597,5537.90530963362,8710.17609183061,9000.886095779735,0.6152622364847157,0.5898059629781723,70.5115523793574,1.0262093931455305,0.6739115284975545
holdout_dfl_bakeoff_v1,lstm_expected,lstm,59,0.8378537478799615,0.837854,0.5756739362537213,0.41850134845268333,6016.35403692155,5578.858629784594,9000.886095779735,0.6684179727307571,0.6921916580416267,48.31698442240096,0.527380263360933,0.7336649836471663
holdout_dfl_bakeoff_v1,lstm_pairwise,lstm,59,0.8114419350768011,0.811442,0.5871600371666864,0.5421278203925223,1000.0534367196966,2172.1857297471015,9000.886095779735,0.11110610956276781,0.02700382417659922,62.283819212632984,0.20749646114370737,-0.01872057943925044
holdout_dfl_bakeoff_v1,lstm_spoplus,lstm,59,0.7731448541287995,0.773145,0.5743882421573873,0.40615081603837694,6409.997848769096,8529.488159911865,9000.886095779735,0.7121518682226815,0.7404040784574657,55.32920586287413,0.8458210034021445,0.7871951696446332
holdout_dfl_bakeoff_v1,lstm_dbb,lstm,59,0.9147844366039681,0.914784,0.6180291629333723,0.5230895690714261,5757.211355539077,153.98029025675635,9000.886095779735,0.639627176066418,0.6203335784837711,27.926144097717284,0.016425493068058017,0.6884308895959753
holdout_dfl_bakeoff_v1,blend_val30,blend,59,0.8445122744342014,0.844512,0.6490812267484288,0.4214299243556504,5828.679085493896,7060.673741272541,9000.886095779735,0.6475672532093038,0.6689397234867329,56.82015296227231,0.7098184743027763,0.7424806781067247
