source,model,rmse,original_rmse,centered_rmse,proxy,T,amplitude,realized,oracle
holdout_rmse_v1,lgb_contextual,0.5209800243244649,0.52098,0.43008894289062644,62.276401504249684,0.7270114495667823,0.8483848298398247,5497.75539089771,9000.886095779735
holdout_rmse_v1,transformer_contextual,0.5195576699847868,0.514318,0.4353925385672844,55.10280411737966,0.7042296397850517,0.7127486894545253,5637.171401873099,9000.886095779735
holdout_rmse_v1,catboost_contextual,0.521146531158913,0.521147,0.4130187806292361,58.120301283377664,0.745488471966946,0.7699924702684999,5864.898620404672,9000.886095779735
holdout_rmse_v1,xgboost_contextual,0.527721370545497,0.527721,0.4206676100404374,62.51979853343721,0.7227443950614217,0.7951778192637776,5834.402085832271,9000.886095779735
holdout_rmse_v1,lgb_baseline,0.5625259685360955,0.562526,0.43992715352535305,70.53022310664151,0.7138855802886681,0.7733419995396524,5786.1008710125425,9000.886095779735
holdout_rmse_v1,lstm_contextual,0.5528080180991081,0.573845,0.45686646431422795,62.74915672195718,0.5666563239857164,0.7784876504149464,4554.389778014749,9000.886095779735
holdout_rmse_v1,dlinear_prevday,0.6325180020094672,0.632518,0.4617344484309047,72.88552996459688,0.6553789474069742,0.6591148403483591,5226.0254087597,9000.886095779735
holdout_rmse_v1,catboost_full,0.632752884726531,0.632753,0.4652685916872803,70.66914718001122,0.6760099778175024,0.9340360946389796,5603.548559199593,9000.886095779735
holdout_rmse_v1,xgboost_full,0.649118808775802,0.649119,0.48206103812761625,73.79586820716449,0.6808062511153532,1.0431434772448072,6017.215970293911,9000.886095779735
holdout_rmse_v1,dlinear_contextual,0.6000206874172418,0.655333,0.4843932427614835,79.43852438495814,0.6772479463604024,1.0261092958227296,5897.53712815716,9000.886095779735
holdout_rmse_v1,lgb_full,0.6684313640509626,0.668431,0.4942159089279258,73.37978359429655,0.738907458042588,1.1344264724243083,6124.493486539138,9000.886095779735
holdout_rmse_v1,hgb_full,0.6959835407126083,0.695984,0.4761758367831544,68.61029798312704,0.7220999451530203,1.0392683910997191,6077.358591321797,9000.886095779735
holdout_rmse_v1,lgb_temporal,0.7183926007000243,0.718393,0.4995595086636709,77.72771215259324,0.7237897065966648,1.138463653858337,5820.208628719994,9000.886095779735
holdout_rmse_v1,ridge_contextual_a1,0.8039792788523673,0.803979,0.4599069099495884,75.58801051420137,0.7718876512418574,1.0237707284402509,6184.394216224618,9000.886095779735
holdout_rmse_v1,ridge_temporal_a1,0.8467006568061995,0.846701,0.5113827348830681,93.5414268662429,0.749053058959579,1.1755273200098206,5990.035547105109,9000.886095779735
holdout_rmse_v1,climatology_weekday_slot,0.8948355972952869,0.894836,0.4810210349665639,85.16749223066152,0.6817348546461646,0.6363159310507536,5644.280127937861,9000.886095779735
holdout_rmse_v2,lgb_contextual,0.5271571329853805,0.527157,0.42829420933215556,56.90059704451218,0.7263452363913904,0.813673477246939,6144.90666780751,9000.886095779735
holdout_rmse_v2,transformer_contextual,0.6827877171860671,0.630545,0.46068073215898325,68.95312494216311,0.7647519753928123,0.9758582717891052,6214.361781989832,9000.886095779735
holdout_rmse_v2,xgboost_contextual,0.5240495755334971,0.52405,0.41747754415223426,58.67704497547109,0.7356461776894877,0.7822604480589149,5891.784848505603,9000.886095779735
holdout_rmse_v2,lstm_contextual,0.5174897636336012,0.528645,0.4310958241714628,54.29267319378602,0.7339754767593432,0.6725071092578598,5709.509962229146,9000.886095779735
holdout_rmse_v2,catboost_contextual,0.5290323087811635,0.529032,0.4230110373935516,53.25334514501102,0.76783393043466,0.7778503318341623,6043.050353897209,9000.886095779735
holdout_rmse_v2,lgb_baseline,0.5625259685360955,0.562526,0.43992715352535305,70.53022310664151,0.7138855802886681,0.7733419995396524,5786.1008710125425,9000.886095779735
holdout_rmse_v2,lgb_full,0.5821978536455665,0.582198,0.45872534473570475,58.0661932458416,0.7474211534590065,0.9786490285244619,6034.937557683761,9000.886095779735
holdout_rmse_v2,xgboost_full,0.5860787168882754,0.586079,0.46162583170631577,62.867970714257936,0.7136986311979682,0.977623783276651,6086.531913376197,9000.886095779735
holdout_rmse_v2,catboost_full,0.586968936190851,0.586969,0.4522677643789135,63.186238136442974,0.7121763314932589,0.8866173209892736,5591.388207986901,9000.886095779735
holdout_rmse_v2,catboost_temporal,0.5912632656242082,0.591263,0.45786722528562257,64.62583478105711,0.7182923273341961,0.8845597875837977,5746.936257782615,9000.886095779735
holdout_rmse_v2,dlinear_contextual,0.5990314453380259,0.599031,0.47403529724597465,78.16634043110247,0.72724908680547,0.9987525348869744,6186.444630889453,9000.886095779735
holdout_rmse_v2,hgb_full,0.6423273458160477,0.642327,0.46662295625846006,65.84599101767043,0.7298548337189759,1.0070723556021985,5972.135695609597,9000.886095779735
holdout_rmse_v2,lgb_temporal,0.6473323283567071,0.647332,0.4896389723342221,72.2438397042967,0.7326627081149409,1.101439727506929,5825.850153842501,9000.886095779735
holdout_rmse_v2,dlinear_prevday,0.6659023418172851,0.665902,0.47654174134430394,84.64678046142934,0.6568773334815489,0.736356054857622,5370.817489869036,9000.886095779735
holdout_rmse_v2,xgboost_temporal,0.6853096035843975,0.68531,0.5062783129919001,74.56818999076408,0.7242141316817458,1.138945960550146,5806.384371345002,9000.886095779735
holdout_rmse_v2,ridge_contextual_a1,0.8079187762169173,0.807919,0.46110122744956356,75.86732810536834,0.7694185285451086,1.0262618331029938,6202.841477641694,9000.886095779735
holdout_rmse_v2,ridge_temporal_a1,0.8302744373266758,0.830274,0.5006577522328467,90.43973076242543,0.7633242891019303,1.1538644288790416,6107.7959202111915,9000.886095779735
holdout_rmse_v2,climatology_weekday_slot,0.8948355972952869,0.894836,0.4810210349665639,85.16749223066152,0.6817348546461646,0.6363159310507536,5644.280127937861,9000.886095779735
holdout_rmse_v2,blend_lgb_transformer,0.617156514269047,0.584431,0.44249439782818584,63.26643192255197,0.7693044856680584,0.9201145119988883,6041.854269689157,9000.886095779735
holdout_seed_bag_v1,listwise_transformer_seed42,0.8620390592948906,0.8620390592948906,0.4261087711131467,25.86686986817454,0.77237426975361,0.4828836915635799,6296.670514658443,9000.886095779735
holdout_seed_bag_v1,listwise_transformer_seed43,0.6178346300666273,0.6178346300666273,0.41435598402601426,29.448806028847,0.778668466881285,0.5015829600100086,6334.699112105517,9000.886095779735
holdout_seed_bag_v1,listwise_transformer_seed44,1.0024564714806665,1.0024564714806663,0.4120888661319205,27.696881657294853,0.7852872943988112,0.5277006106720817,6551.772866507539,9000.886095779735
holdout_seed_bag_v1,listwise_transformer_seed45,0.7220739892361976,0.7220739892361976,0.4320481424933389,33.343376522473505,0.7693815030089299,0.7444617283609146,6257.761327039081,9000.886095779735
holdout_seed_bag_v1,listwise_transformer_seed46,0.8527399986501926,0.8527399986501926,0.43192735977973096,32.16964677067316,0.7685015571571123,0.7055796200273735,6435.870894006926,9000.886095779735
holdout_seed_bag_v1,listwise_transformer_mean,0.766735469826549,0.7667354698265489,0.41468687104686014,28.209676514337442,0.7866093498797794,0.5804019201006013,6693.875025301353,9000.886095779735
holdout_seed_bag_v1,spo_lstm_seed42,0.833675556506089,0.833675556506089,0.4033269683719752,49.49757052291603,0.7772050911208492,0.7132032521337688,6546.560555626133,9000.886095779735
holdout_seed_bag_v1,spo_lstm_seed43,0.8114162568880398,0.8114162568880398,0.4131367568478933,56.194839161702475,0.7717702450960835,0.7814768603197945,6456.256305760955,9000.886095779735
holdout_seed_bag_v1,spo_lstm_seed44,0.7851947037615598,0.7851947037615599,0.40869439954578746,52.6254873395504,0.7702179727319799,0.6876846303937187,6239.067159590595,9000.886095779735
holdout_seed_bag_v1,spo_lstm_seed45,0.9578890975964344,0.9578890975964344,0.4053716216544174,50.254772810186125,0.7702454181038451,0.6775659811613649,6430.004354936163,9000.886095779735
holdout_seed_bag_v1,spo_lstm_seed46,0.8337747528083573,0.8337747528083573,0.40465389945048175,51.82858690958599,0.7774150316290129,0.7190143972701541,6484.371941487148,9000.886095779735
holdout_seed_bag_v1,spo_lstm_mean,0.8408383866891215,0.8408383866891214,0.4032964625755009,50.5334727515693,0.7798423182520579,0.7090446304815552,6476.013317670034,9000.886095779735
holdout_seed_bag_v1,window_ce_lstm_seed42,0.840092149921684,0.8400921499216839,0.4184987890805342,51.98271102809367,0.7489035711095061,0.6839348200799191,6301.350028314183,9000.886095779735
holdout_seed_bag_v1,window_ce_lstm_seed43,0.7672250503113431,0.7672250503113431,0.41165897688645636,47.00100862218716,0.7642561767827343,0.6417603596252018,6120.004099694218,9000.886095779735
holdout_seed_bag_v1,window_ce_lstm_seed44,0.7922727356394372,0.792272735639437,0.41176202981008586,52.543653176665806,0.753086398699087,0.6554014611453736,6213.5715101408905,9000.886095779735
holdout_seed_bag_v1,window_ce_lstm_seed45,0.9084584376100536,0.9084584376100536,0.4090070413933931,46.54498971516712,0.7443181889733184,0.5790460302639615,5916.328569787925,9000.886095779735
holdout_seed_bag_v1,window_ce_lstm_seed46,0.8983810830304589,0.8983810830304592,0.4190440921430001,58.586125018828284,0.755584760960557,0.6990574809078551,5699.286682925662,9000.886095779735
holdout_seed_bag_v1,window_ce_lstm_mean,0.8347421295337275,0.8347421295337275,0.40638869754475243,48.03133856273045,0.764310807744496,0.6357441923490478,6114.310486511797,9000.886095779735
holdout_seed_bag_v1,listwise_spo_50_50,0.7887835423485625,0.7887835423485625,0.4020084696326872,38.42273913997032,0.7846456049293304,0.6319461499841879,6537.1442098801945,9000.886095779735
holdout_dispatch_loss_v1,transformer_dispatch,1.6212809129703454,1.621281,0.4051568533875298,45.54552852660985,0.7727845186801994,0.6878761402878765,6213.626563877091,9000.886095779735
holdout_dispatch_loss_v1,lstm_dispatch,0.8590587991965877,0.859059,0.41882307557177934,52.07219657650363,0.7492489014866214,0.6848811651083085,6301.331964649514,9000.886095779735
holdout_dispatch_loss_v1,dlinear_dispatch,0.8846482652606064,0.884648,0.516125772517597,70.5115523793574,0.6739301803409042,1.0262093931455305,5537.905309633621,9000.886095779735
holdout_dfl_bakeoff_v1,lstm_expected,0.8378537478799615,0.837854,0.41850134845268333,48.31698442240095,0.7336706630046052,0.527380263360933,6016.35403692155,9000.886095779735
holdout_dfl_bakeoff_v1,lstm_pairwise,0.8114419350768011,0.811442,0.5421278203925223,62.28381921263297,-0.01871167525192483,0.20749646114370737,1000.0534367196964,9000.886095779735
holdout_dfl_bakeoff_v1,lstm_spoplus,0.7731448541287995,0.773145,0.40615081603837694,55.32920586287413,0.7872044456350945,0.8458210034021445,6409.997848769095,9000.886095779735
holdout_dfl_bakeoff_v1,lstm_dbb,0.9147844366039681,0.914784,0.5230895690714261,27.926144097717284,0.6884521819295545,0.016425493068058017,5757.211355539077,9000.886095779735
holdout_dfl_bakeoff_v1,blend_val30,0.8445122744342014,0.844512,0.4214299243556504,56.820152962272296,0.7424933574853164,0.7098184743027763,5828.679085493895,9000.886095779735
